{"cameraMode":{"drawMode":0,"name":"Shaded","section":"Shading Mode"},"sceneLighting":false,"audioPlay":false,"sceneViewState":{"m_AlwaysRefresh":false,"showFog":true,"showSkybox":false,"showFlares":true,"showImageEffects":true,"showParticleSystems":true,"showVisualEffectGraphs":true,"m_FxEnabled":true},"in2DMode":false,"pivot":{"x":-0.30319035053253176,"y":6.0312395095825199,"z":0.19978880882263184},"rotation":{"x":-0.10198213160037995,"y":0.05428647622466087,"z":-0.005565404426306486,"w":-0.9933162927627564},"size":1.3514916896820069,"orthographic":false}