{"cameraMode":{"drawMode":0,"name":"Shaded","section":"Shading Mode"},"sceneLighting":false,"audioPlay":false,"sceneViewState":{"m_AlwaysRefresh":false,"showFog":true,"showSkybox":false,"showFlares":true,"showImageEffects":true,"showParticleSystems":true,"showVisualEffectGraphs":true,"m_FxEnabled":true},"in2DMode":false,"pivot":{"x":1.3745561838150025,"y":0.438332200050354,"z":-2.176602840423584},"rotation":{"x":0.013808525167405606,"y":0.9860743284225464,"z":-0.12521608173847199,"w":0.10870757699012757},"size":2.5411789417266847,"orthographic":false}