{"cameraMode":{"drawMode":0,"name":"Shaded","section":"Shading Mode"},"sceneLighting":false,"audioPlay":false,"sceneViewState":{"m_AlwaysRefresh":false,"showFog":true,"showSkybox":false,"showFlares":true,"showImageEffects":true,"showParticleSystems":true,"showVisualEffectGraphs":true,"m_FxEnabled":true},"in2DMode":false,"pivot":{"x":-0.014946699142456055,"y":0.8197253346443176,"z":0.5732800960540772},"rotation":{"x":-0.10457208007574082,"y":0.7202907204627991,"z":-0.11129352450370789,"w":-0.6766898036003113},"size":0.8660253882408142,"orthographic":false}