{"cameraMode":{"drawMode":0,"name":"Shaded","section":"Shading Mode"},"sceneLighting":false,"audioPlay":false,"sceneViewState":{"m_AlwaysRefresh":false,"showFog":true,"showSkybox":false,"showFlares":true,"showImageEffects":true,"showParticleSystems":true,"showVisualEffectGraphs":true,"m_FxEnabled":true},"in2DMode":false,"pivot":{"x":-2.7871713638305666,"y":-2.175966262817383,"z":3.1592564582824709},"rotation":{"x":-0.27256521582603457,"y":0.040968574583530429,"z":-0.01162485871464014,"w":-0.9612171649932861},"size":7.7751617431640629,"orthographic":false}