{"cameraMode":{"drawMode":0,"name":"Shaded","section":"Shading Mode"},"sceneLighting":false,"audioPlay":false,"sceneViewState":{"m_AlwaysRefresh":false,"showFog":true,"showSkybox":false,"showFlares":true,"showImageEffects":true,"showParticleSystems":true,"showVisualEffectGraphs":true,"m_FxEnabled":true},"in2DMode":false,"pivot":{"x":-0.00037860870361328125,"y":8.106051445007325,"z":0.004974007606506348},"rotation":{"x":-0.18595090508460999,"y":-0.6416072845458984,"z":0.1643863469362259,"w":-0.7258042097091675},"size":4.738918781280518,"orthographic":false}